{
    "Logistic Regression": {
        "accuracy": 0.9090909090909091,
        "precision": 0.8807692307692307,
        "recall": 0.9090909090909091,
        "f1_score": 0.8928216345197852
    },
    "Random Forest": {
        "accuracy": 0.8961038961038961,
        "precision": 0.8811403508771929,
        "recall": 0.8590909090909091,
        "f1_score": 0.8690476190476191
    },
    "XGBoost": {
        "accuracy": 0.8571428571428571,
        "precision": 0.823268921095008,
        "recall": 0.8318181818181818,
        "f1_score": 0.8273190621814475
    }
}